,"Open World, Hack and Slash","Survival, Zombies"
10090,-0.6477108295399032,-2.5645522294348844
13500,2.6317182450638823,1.5392652413962389
22364,-0.056553988442575275,0.3640049964493285
113020,-2.726231528061447,1.7644298783047103
226560,0.7987781009800388,-1.1031478867153912
