,"Open World, Hack and Slash","Survival, Horror"
10090,-0.6477108295399066,-2.5645522294348817
13500,2.6317182450638845,1.5392652413962358
22364,-0.05655398844257351,0.3640049964493282
113020,-2.726231528061443,1.764429878304713
226560,0.798778100980038,-1.1031478867153952
